Player2,Player,Team,1,2,3,4,5,6,7,8,9,10,11,12,13,14,15,16,17,Position
A.JONES,Aaron Jones,GB,,,RB2,RB2,RB2,,RB2,RB2,RB2,RB2,RB2,RB2,RB2,RB2,RB2,RB2,RB2,RB
A.RODGERS,Aaron Rodgers,GB,QB1,QB1,QB1,QB1,QB1,,QB1,QB1,QB1,QB1,QB1,QB1,QB1,QB1,QB1,QB1,QB1,QB
A.HUMPHRIES,Adam Humphries,TB,WR3,WR3,WR3,WR3,WR3,WR3,,WR3,WR3,WR3,WR3,WR3,WR3,WR3,WR3,WR3,WR3,WR
A.THIELEN,Adam Thielen,MIN,WR1,WR1,WR1,WR1,WR1,,WR1,WR1,WR1,WR1,WR1,WR1,WR1,WR1,WR1,WR1,WR1,WR
A.GREEN,AJ Green,CIN,WR1,WR1,WR1,WR1,WR1,WR1,WR1,WR1,,WR1,WR1,WR1,WR1,WR1,WR1,WR1,WR1,WR
A.MCCARRON,AJ McCarron,BUF,QB1,QB1,QB1,QB1,QB1,QB1,QB1,,QB1,QB1,QB1,QB1,QB1,QB1,QB1,QB1,QB1,QB
A.WILSON,Albert Wilson,MIA,WR3,WR3,WR3,WR3,WR3,,WR3,WR3,WR3,WR3,WR3,WR3,WR3,WR3,WR3,WR3,WR3,WR
A.COLLINS,Alex Collins,BAL,RB1,RB1,RB1,RB1,RB1,RB1,RB1,,RB1,RB1,RB1,RB1,RB1,RB1,RB1,RB1,RB1,RB
A.SMITH,Alex Smith,WAS,QB1,QB1,QB1,QB1,QB1,QB1,,QB1,QB1,QB1,QB1,QB1,QB1,QB1,QB1,QB1,QB1,QB
A.BLUE,Alfred Blue,HOU,RB3,RB3,RB3,RB3,RB3,,RB3,RB3,RB3,RB3,RB3,RB3,RB3,RB3,RB3,RB3,RB3,RB
A.HURNS,Allen Hurns,DAL,WR2,WR2,WR2,WR2,WR2,WR2,WR2,WR2,,WR2,WR2,WR2,WR2,WR2,WR2,WR2,WR2,WR
A.ROBINSON,Allen Robinson,CHI,WR1,WR1,WR1,WR1,WR1,WR1,WR1,,WR1,WR1,WR1,WR1,WR1,WR1,WR1,WR1,WR1,WR
A.JEFFERY,Alshon Jeffery,PHI,WR1,WR1,WR1,WR1,WR1,WR1,,WR1,WR1,WR1,WR1,WR1,WR1,WR1,WR1,WR1,WR1,WR
A.KAMARA,Alvin Kamara,NO,RB1,RB1,RB1,RB1,RB2,,RB2,RB2,RB2,RB2,RB2,RB2,RB2,RB2,RB2,RB2,RB2,RB
A.COOPER,Amari Cooper,OAK,WR1,WR1,WR1,WR1,WR1,WR1,,WR1,WR1,WR1,WR1,WR1,WR1,WR1,WR1,WR1,WR1,WR
A.HOLMES,Andre Holmes,BUF,WR4,WR4,WR4,WR4,WR4,WR4,WR4,,WR4,WR4,WR4,WR4,WR4,WR4,WR4,WR4,WR4,WR
A.LUCK,Andrew Luck,IND,QB1,QB1,QB1,QB1,QB1,,QB1,QB1,QB1,QB1,QB1,QB1,QB1,QB1,QB1,QB1,QB1,QB
A.DALTON,Andy Dalton,CIN,QB1,QB1,QB1,QB1,QB1,QB1,QB1,QB1,,QB1,QB1,QB1,QB1,QB1,QB1,QB1,QB1,QB
A.JONES,Andy Jones,DET,WR4,WR4,WR4,WR4,WR4,,WR4,WR4,WR4,WR4,WR4,WR4,WR4,WR4,WR4,WR4,WR4,WR
A.BROWN,Antonio Brown,PIT,WR1,WR1,WR1,WR1,WR1,WR1,,WR1,WR1,WR1,WR1,WR1,WR1,WR1,WR1,WR1,WR1,WR
A.EKELER,Austin Ekeler,LAC,RB2,RB2,RB2,RB2,RB2,,RB2,RB2,RB2,RB2,RB2,RB2,RB2,RB2,RB2,RB2,RB2,RB
A.HOOPER,Austin Hooper,ATL,TE1,TE1,TE1,TE1,TE1,TE1,TE1,,TE1,TE1,TE1,TE1,TE1,TE1,TE1,TE1,TE1,TE
A.SEFERIAN-JENKINS,Austin Seferian-Jenkins,JAC,TE1,TE1,TE1,TE1,TE1,,TE1,TE1,TE1,TE1,TE1,TE1,TE1,TE1,TE1,TE1,TE1,TE
A.TRAYLOR,Austin Traylor,DEN,TE2,TE2,TE2,TE2,TE2,TE2,TE2,TE2,,TE2,TE2,TE2,TE2,TE2,TE2,TE2,TE2,TE
B.ROETHLISBERGER,Ben Roethlisberger,PIT,QB1,QB1,QB1,QB1,QB1,QB1,,QB1,QB1,QB1,QB1,QB1,QB1,QB1,QB1,QB1,QB1,QB
B.WATSON,Ben Watson,NO,TE1,TE1,TE1,TE1,TE1,,TE1,TE1,TE1,TE1,TE1,TE1,TE1,TE1,TE1,TE1,TE1,TE
B.CUNNINGHAM,Benny Cunningham,CHI,RB3,RB3,RB3,RB3,RB3,RB3,RB3,,RB3,RB3,RB3,RB3,RB3,RB3,RB3,RB3,RB3,RB
B.POWELL,Bilal Powell,NYJ,RB2,RB2,RB2,RB2,RB2,,RB2,RB2,RB2,RB2,RB2,RB2,RB2,RB2,RB2,RB2,RB2,RB
B.BORTLES,Blake Bortles,JAC,QB1,QB1,QB1,QB1,QB1,,QB1,QB1,QB1,QB1,QB1,QB1,QB1,QB1,QB1,QB1,QB1,QB
B.JARWIN,Blake Jarwin,DAL,TE2,TE2,TE2,TE2,TE2,TE2,TE2,TE2,,TE2,TE2,TE2,TE2,TE2,TE2,TE2,TE2,TE
B.COOKS,Brandin Cooks,LAR,WR1,WR1,WR1,WR1,WR1,,WR1,WR1,WR1,WR1,WR1,WR1,WR1,WR1,WR1,WR1,WR1,WR
B.COLEMAN,Brandon Coleman,NO,WR4,WR4,WR4,WR4,WR4,,WR4,WR4,WR4,WR4,WR4,WR4,WR4,WR4,WR4,WR4,WR4,WR
B.LAFELL,Brandon LaFell,CIN,WR2,WR2,WR2,WR2,WR2,WR2,WR2,WR2,,WR2,WR2,WR2,WR2,WR2,WR2,WR2,WR2,WR
B.MARSHALL,Brandon Marshall,SEA,WR2,WR2,WR2,WR2,WR2,WR2,,WR2,WR2,WR2,WR2,WR2,WR2,WR2,WR2,WR2,WR2,WR
B.MILLER,Braxton Miller,HOU,WR4,WR4,WR4,WR4,WR4,,WR4,WR4,WR4,WR4,WR4,WR4,WR4,WR4,WR4,WR4,WR4,WR
B.BUTLER,Brice Butler,ARI,WR3,WR3,WR3,WR3,WR3,WR3,WR3,WR3,,WR3,WR3,WR3,WR3,WR3,WR3,WR3,WR3,WR
B.ELLINGTON,Bruce Ellington,HOU,WR3,WR3,WR3,WR3,WR3,,WR3,WR3,WR3,WR3,WR3,WR3,WR3,WR3,WR3,WR3,WR3,WR
B.ALLEN,Buck Allen,BAL,RB2,RB2,RB2,RB2,RB2,RB2,RB2,,RB2,RB2,RB2,RB2,RB2,RB2,RB2,RB2,RB2,RB
C.RIDLEY,Calvin Ridley,ATL,WR3,WR3,WR3,WR3,WR3,WR3,WR3,,WR3,WR3,WR3,WR3,WR3,WR3,WR3,WR3,WR3,WR
C.NEWTON,Cam Newton,CAR,QB1,QB1,QB1,QB1,QB1,QB1,QB1,,QB1,QB1,QB1,QB1,QB1,QB1,QB1,QB1,QB1,QB
C.ARTIS-PAYNE,Cameron Artis-Payne,CAR,RB3,RB3,RB3,RB3,RB3,RB3,RB3,,RB3,RB3,RB3,RB3,RB3,RB3,RB3,RB3,RB3,RB
C.BRATE,Cameron Brate,TB,TE1,TE1,TE1,TE1,TE1,TE1,,TE1,TE1,TE1,TE1,TE1,TE1,TE1,TE1,TE1,TE1,TE
C.MEREDITH,Cameron Meredith,NO,WR3,WR3,WR3,WR3,WR3,,WR3,WR3,WR3,WR3,WR3,WR3,WR3,WR3,WR3,WR3,WR3,WR
C.HENDERSON,Carlos Henderson,DEN,WR4,WR4,WR4,WR4,WR4,WR4,WR4,WR4,,WR4,WR4,WR4,WR4,WR4,WR4,WR4,WR4,WR
C.HYDE,Carlos Hyde,CLE,RB1,RB1,RB1,RB1,RB1,RB1,RB1,RB1,,RB1,RB1,RB1,RB1,RB1,RB1,RB1,RB1,RB
C.WENTZ,Carson Wentz,PHI,QB1,QB1,QB1,QB1,QB1,QB1,,QB1,QB1,QB1,QB1,QB1,QB1,QB1,QB1,QB1,QB1,QB
C.KEENUM,Case Keenum,DEN,QB1,QB1,QB1,QB1,QB1,QB1,QB1,QB1,,QB1,QB1,QB1,QB1,QB1,QB1,QB1,QB1,QB
C.WEST,Charcandrick West,KC,RB3,RB3,RB3,RB3,RB3,,RB3,RB3,RB3,RB3,RB3,RB3,RB3,RB3,RB3,RB3,RB3,RB
C.CLAY,Charles Clay,BUF,TE1,TE1,TE1,TE1,TE1,TE1,TE1,,TE1,TE1,TE1,TE1,TE1,TE1,TE1,TE1,TE1,TE
C.SIMS,Charles Sims,TB,RB3,RB3,RB3,RB3,RB3,RB3,,RB3,RB3,RB3,RB3,RB3,RB3,RB3,RB3,RB3,RB3,RB
C.EDMONDS,Chase Edmonds,ARI,RB2,RB2,RB2,RB2,RB2,RB2,RB2,RB2,,RB2,RB2,RB2,RB2,RB2,RB2,RB2,RB2,RB
C.ROGERS,Chester Rogers,IND,WR2,WR2,WR2,WR2,WR2,,WR2,WR2,WR2,WR2,WR2,WR2,WR2,WR2,WR2,WR2,WR2,WR
C.CARSON,Chris Carson,SEA,RB2,RB2,RB2,RB2,RB2,RB2,,RB2,RB2,RB2,RB2,RB2,RB2,RB2,RB2,RB2,RB2,RB
C.CONLEY,Chris Conley,KC,WR3,WR3,WR3,WR3,WR3,,WR3,WR3,WR3,WR3,WR3,WR3,WR3,WR3,WR3,WR3,WR3,WR
C.GODWIN,Chris Godwin,TB,WR4,WR4,WR4,WR4,WR4,WR4,,WR4,WR4,WR4,WR4,WR4,WR4,WR4,WR4,WR4,WR4,WR
C.HOGAN,Chris Hogan,NE,WR1,WR1,WR1,WR1,WR2,,WR2,WR2,WR2,WR2,WR2,WR2,WR2,WR2,WR2,WR2,WR2,WR
C.IVORY,Chris Ivory,BUF,RB2,RB2,RB2,RB2,RB2,RB2,RB2,,RB2,RB2,RB2,RB2,RB2,RB2,RB2,RB2,RB2,RB
C.MANHERTZ,Chris Manhertz,CAR,TE2,TE2,TE2,TE2,TE2,TE2,TE2,,TE2,TE2,TE2,TE2,TE2,TE2,TE2,TE2,TE2,TE
C.THOMPSON,Chris Thompson,WAS,RB2,RB2,RB2,RB2,RB2,RB2,,RB2,RB2,RB2,RB2,RB2,RB2,RB2,RB2,RB2,RB2,RB
C.KIRK,Christian Kirk,ARI,WR2,WR2,WR2,WR2,WR2,WR2,WR2,WR2,,WR2,WR2,WR2,WR2,WR2,WR2,WR2,WR2,WR
C.MCCAFFREY,Christian McCaffrey,CAR,RB1,RB1,RB1,RB1,RB1,RB1,RB1,,RB1,RB1,RB1,RB1,RB1,RB1,RB1,RB1,RB1,RB
C.ANDERSON,CJ Anderson,CAR,RB2,RB2,RB2,RB2,RB2,RB2,RB2,,RB2,RB2,RB2,RB2,RB2,RB2,RB2,RB2,RB2,RB
C.PROSISE,CJ Prosise,SEA,RB3,RB3,RB3,RB3,RB3,RB3,,RB3,RB3,RB3,RB3,RB3,RB3,RB3,RB3,RB3,RB3,RB
C.WALFORD,Clive Walford,NYJ,TE1,TE1,TE1,TE1,TE1,,TE1,TE1,TE1,TE1,TE1,TE1,TE1,TE1,TE1,TE1,TE1,TE
C.LATIMER,Cody Latimer,NYG,WR4,WR4,WR4,WR4,WR4,,WR4,WR4,WR4,WR4,WR4,WR4,WR4,WR4,WR4,WR4,WR4,WR
C.BEASLEY,Cole Beasley,DAL,WR3,WR3,WR3,WR3,WR3,WR3,WR3,WR3,,WR3,WR3,WR3,WR3,WR3,WR3,WR3,WR3,WR
C.KUPP,Cooper Kupp,LAR,WR3,WR3,WR3,WR3,WR3,,WR3,WR3,WR3,WR3,WR3,WR3,WR3,WR3,WR3,WR3,WR3,WR
C.PATTERSON,Cordarrelle Patterson,NE,WR3,WR3,WR3,WR3,WR4,,WR4,WR4,WR4,WR4,WR4,WR4,WR4,WR4,WR4,WR4,WR4,WR
C.CLEMENT,Corey Clement,PHI,RB2,RB2,RB2,RB2,RB2,RB2,,RB2,RB2,RB2,RB2,RB2,RB2,RB2,RB2,RB2,RB2,RB
C.COLEMAN,Corey Coleman,CLE,WR3,WR3,WR3,WR3,WR3,WR3,WR3,WR3,,WR3,WR3,WR3,WR3,WR3,WR3,WR3,WR3,WR
C.DAVIS,Corey Davis,TEN,WR1,WR1,WR1,WR1,WR1,WR1,,WR1,WR1,WR1,WR1,WR1,WR1,WR1,WR1,WR1,WR1,WR
C.GRANT,Corey Grant,JAC,RB3,RB3,RB3,RB3,RB3,,RB3,RB3,RB3,RB3,RB3,RB3,RB3,RB3,RB3,RB3,RB3,RB
C.SUTTON,Courtland Sutton,DEN,WR3,WR3,WR3,WR3,WR3,WR3,WR3,WR3,,WR3,WR3,WR3,WR3,WR3,WR3,WR3,WR3,WR
D.PRESCOTT,Dak Prescott,DAL,QB1,QB1,QB1,QB1,QB1,QB1,QB1,QB1,,QB1,QB1,QB1,QB1,QB1,QB1,QB1,QB1,QB
D.GOEDERT,Dallas Goedert,PHI,TE2,TE2,TE2,TE2,TE2,TE2,,TE2,TE2,TE2,TE2,TE2,TE2,TE2,TE2,TE2,TE2,TE
D.COOK,Dalvin Cook,MIN,RB1,RB1,RB1,RB1,RB1,,RB1,RB1,RB1,RB1,RB1,RB1,RB1,RB1,RB1,RB1,RB1,RB
D.AMENDOLA,Danny Amendola,MIA,WR4,WR4,WR4,WR4,WR4,,WR4,WR4,WR4,WR4,WR4,WR4,WR4,WR4,WR4,WR4,WR4,WR
D.PETTIS,Dante Pettis,SF,WR4,WR4,WR4,WR4,WR4,WR4,,WR4,WR4,WR4,WR4,WR4,WR4,WR4,WR4,WR4,WR4,WR
D.FELLS,Darren Fells,CLE,TE2,TE2,TE2,TE2,TE2,TE2,TE2,TE2,,TE2,TE2,TE2,TE2,TE2,TE2,TE2,TE2,TE
D.SPROLES,Darren Sproles,PHI,RB3,RB3,RB3,RB3,RB3,RB3,,RB3,RB3,RB3,RB3,RB3,RB3,RB3,RB3,RB3,RB3,RB
D.HEYWARD-BEY,Darrius Heyward-Bey,PIT,WR4,WR4,WR4,WR4,WR4,WR4,,WR4,WR4,WR4,WR4,WR4,WR4,WR4,WR4,WR4,WR4,WR
D.FOUNTAIN,Daurice Fountain,IND,WR4,WR4,WR4,WR4,WR4,,WR4,WR4,WR4,WR4,WR4,WR4,WR4,WR4,WR4,WR4,WR4,WR
D.ADAMS,Davante Adams,GB,WR1,WR1,WR1,WR1,WR1,,WR1,WR1,WR1,WR1,WR1,WR1,WR1,WR1,WR1,WR1,WR1,WR
D.FLUELLEN,David Fluellen,TEN,RB3,RB3,RB3,RB3,RB3,RB3,,RB3,RB3,RB3,RB3,RB3,RB3,RB3,RB3,RB3,RB3,RB
D.JOHNSON,David Johnson,ARI,RB1,RB1,RB1,RB1,RB1,RB1,RB1,RB1,,RB1,RB1,RB1,RB1,RB1,RB1,RB1,RB1,RB
D.MORGAN,David Morgan,MIN,TE2,TE2,TE2,TE2,TE2,,TE2,TE2,TE2,TE2,TE2,TE2,TE2,TE2,TE2,TE2,TE2,TE
D.NJOKU,David Njoku,CLE,TE1,TE1,TE1,TE1,TE1,TE1,TE1,TE1,,TE1,TE1,TE1,TE1,TE1,TE1,TE1,TE1,TE
D.HOPKINS,DeAndre Hopkins,HOU,WR1,WR1,WR1,WR1,WR1,,WR1,WR1,WR1,WR1,WR1,WR1,WR1,WR1,WR1,WR1,WR1,WR
D.WASHINGTON,DeAndre Washington,OAK,RB3,RB3,RB3,RB3,RB3,RB3,,RB3,RB3,RB3,RB3,RB3,RB3,RB3,RB3,RB3,RB3,RB
D.HENDERSON,De'Angelo Henderson,DEN,RB3,RB3,RB3,RB3,RB3,RB3,RB3,RB3,,RB3,RB3,RB3,RB3,RB3,RB3,RB3,RB3,RB
D.YANCEY,DeAngelo Yancey,GB,WR4,WR4,WR4,WR4,WR4,,WR4,WR4,WR4,WR4,WR4,WR4,WR4,WR4,WR4,WR4,WR4,WR
D.WESTBROOK,Dede Westbrook,JAC,WR2,WR2,WR2,WR2,WR2,,WR2,WR2,WR2,WR2,WR2,WR2,WR2,WR2,WR2,WR2,WR2,WR
D.WALKER,Delanie Walker,TEN,TE1,TE1,TE1,TE1,TE1,TE1,,TE1,TE1,TE1,TE1,TE1,TE1,TE1,TE1,TE1,TE1,TE
D.ROBINSON,Demarcus Robinson,KC,WR4,WR4,WR4,WR4,WR4,,WR4,WR4,WR4,WR4,WR4,WR4,WR4,WR4,WR4,WR4,WR4,WR
D.THOMAS,Demaryius Thomas,DEN,WR1,WR1,WR1,WR1,WR1,WR1,WR1,WR1,,WR1,WR1,WR1,WR1,WR1,WR1,WR1,WR1,WR
D.HARRIS,Demetrius Harris,KC,TE2,TE2,TE2,TE2,TE2,,TE2,TE2,TE2,TE2,TE2,TE2,TE2,TE2,TE2,TE2,TE2,TE
D.CARR,Derek Carr,OAK,QB1,QB1,QB1,QB1,QB1,QB1,,QB1,QB1,QB1,QB1,QB1,QB1,QB1,QB1,QB1,QB1,QB
D.HENRY,Derrick Henry,TEN,RB2,RB2,RB2,RB2,RB2,RB2,,RB2,RB2,RB2,RB2,RB2,RB2,RB2,RB2,RB2,RB2,RB
D.GUICE,Derrius Guice,WAS,RB1,RB1,RB1,RB1,RB1,RB1,,RB1,RB1,RB1,RB1,RB1,RB1,RB1,RB1,RB1,RB1,RB
D.JACKSON,DeSean Jackson,TB,WR2,WR2,WR2,WR2,WR2,WR2,,WR2,WR2,WR2,WR2,WR2,WR2,WR2,WR2,WR2,WR2,WR
D.WATSON,Deshaun Watson,HOU,QB1,QB1,QB1,QB1,QB1,,QB1,QB1,QB1,QB1,QB1,QB1,QB1,QB1,QB1,QB1,QB1,QB
D.PARKER,DeVante Parker,MIA,WR1,WR1,WR1,WR1,WR1,,WR1,WR1,WR1,WR1,WR1,WR1,WR1,WR1,WR1,WR1,WR1,WR
D.FUNCHESS,Devin Funchess,CAR,WR1,WR1,WR1,WR1,WR1,WR1,WR1,,WR1,WR1,WR1,WR1,WR1,WR1,WR1,WR1,WR1,WR
D.FREEMAN,Devonta Freeman,ATL,RB1,RB1,RB1,RB1,RB1,RB1,RB1,,RB1,RB1,RB1,RB1,RB1,RB1,RB1,RB1,RB1,RB
D.BOOKER,Devontae Booker,DEN,RB1,RB1,RB1,RB1,RB1,RB1,RB1,RB1,,RB1,RB1,RB1,RB1,RB1,RB1,RB1,RB1,RB
D.LEWIS,Dion Lewis,TEN,RB1,RB1,RB1,RB1,RB1,RB1,,RB1,RB1,RB1,RB1,RB1,RB1,RB1,RB1,RB1,RB1,RB
D.SIMS,Dion Sims,CHI,TE2,TE2,TE2,TE2,TE2,TE2,TE2,,TE2,TE2,TE2,TE2,TE2,TE2,TE2,TE2,TE2,TE
D.FOSTER,DJ Foster,ARI,RB3,RB3,RB3,RB3,RB3,RB3,RB3,RB3,,RB3,RB3,RB3,RB3,RB3,RB3,RB3,RB3,RB
D.MOORE,DJ Moore,CAR,WR2,WR2,WR2,WR2,WR2,WR2,WR2,,WR2,WR2,WR2,WR2,WR2,WR2,WR2,WR2,WR2,WR
D.FOREMAN,D'Onta Foreman,HOU,RB2,RB2,RB2,RB2,RB2,,RB2,RB2,RB2,RB2,RB2,RB2,RB2,RB2,RB2,RB2,RB2,RB
D.MONCRIEF,Donte Moncrief,JAC,WR3,WR3,WR3,WR3,WR3,,WR3,WR3,WR3,WR3,WR3,WR3,WR3,WR3,WR3,WR3,WR3,WR
D.BALDWIN,Doug Baldwin,SEA,WR1,WR1,WR1,WR1,WR1,WR1,,WR1,WR1,WR1,WR1,WR1,WR1,WR1,WR1,WR1,WR1,WR
D.MARTIN,Doug Martin,OAK,RB2,RB2,RB2,RB2,RB2,RB2,,RB2,RB2,RB2,RB2,RB2,RB2,RB2,RB2,RB2,RB2,RB
D.BREES,Drew Brees,NO,QB1,QB1,QB1,QB1,QB1,,QB1,QB1,QB1,QB1,QB1,QB1,QB1,QB1,QB1,QB1,QB1,QB
D.JOHNSON,Duke Johnson,CLE,RB2,RB2,RB2,RB2,RB2,RB2,RB2,RB2,,RB2,RB2,RB2,RB2,RB2,RB2,RB2,RB2,RB
D.ALLEN,Dwayne Allen,NE,TE2,TE2,TE2,TE2,TE2,,TE2,TE2,TE2,TE2,TE2,TE2,TE2,TE2,TE2,TE2,TE2,TE
E.DICKSON,Ed Dickson,SEA,TE1,TE1,TE1,TE1,TE1,TE1,,TE1,TE1,TE1,TE1,TE1,TE1,TE1,TE1,TE1,TE1,TE
E.MANNING,Eli Manning,NYG,QB1,QB1,QB1,QB1,QB1,,QB1,QB1,QB1,QB1,QB1,QB1,QB1,QB1,QB1,QB1,QB1,QB
E.MCGUIRE,Elijah McGuire,NYJ,RB3,RB3,RB3,RB3,RB3,,RB3,RB3,RB3,RB3,RB3,RB3,RB3,RB3,RB3,RB3,RB3,RB
E.SANDERS,Emmanuel Sanders,DEN,WR2,WR2,WR2,WR2,WR2,WR2,WR2,WR2,,WR2,WR2,WR2,WR2,WR2,WR2,WR2,WR2,WR
E.EBRON,Eric Ebron,IND,TE2,TE2,TE2,TE2,TE2,,TE2,TE2,TE2,TE2,TE2,TE2,TE2,TE2,TE2,TE2,TE2,TE
E.TOMLINSON,Eric Tomlinson,NYJ,TE2,TE2,TE2,TE2,TE2,,TE2,TE2,TE2,TE2,TE2,TE2,TE2,TE2,TE2,TE2,TE2,TE
E.ENGRAM,Evan Engram,NYG,TE1,TE1,TE1,TE1,TE1,,TE1,TE1,TE1,TE1,TE1,TE1,TE1,TE1,TE1,TE1,TE1,TE
E.ELLIOTT,Ezekiel Elliott,DAL,RB1,RB1,RB1,RB1,RB1,RB1,RB1,RB1,,RB1,RB1,RB1,RB1,RB1,RB1,RB1,RB1,RB
F.GORE,Frank Gore,MIA,RB2,RB2,RB2,RB2,RB2,,RB2,RB2,RB2,RB2,RB2,RB2,RB2,RB2,RB2,RB2,RB2,RB
G.HOLMES,Gabe Holmes,ARI,TE2,TE2,TE2,TE2,TE2,TE2,TE2,TE2,,TE2,TE2,TE2,TE2,TE2,TE2,TE2,TE2,TE
G.CELEK,Garrett Celek,SF,TE2,TE2,TE2,TE2,TE2,TE2,,TE2,TE2,TE2,TE2,TE2,TE2,TE2,TE2,TE2,TE2,TE
G.SWAIM,Geoff Swaim,DAL,TE1,TE1,TE1,TE1,TE1,TE1,TE1,TE1,,TE1,TE1,TE1,TE1,TE1,TE1,TE1,TE1,TE
G.KITTLE,George Kittle,SF,TE1,TE1,TE1,TE1,TE1,TE1,,TE1,TE1,TE1,TE1,TE1,TE1,TE1,TE1,TE1,TE1,TE
G.EVERETT,Gerald Everett,LAR,TE2,TE2,TE2,TE2,TE2,,TE2,TE2,TE2,TE2,TE2,TE2,TE2,TE2,TE2,TE2,TE2,TE
G.ALLISON,Geronimo Allison,GB,WR3,WR3,WR3,WR3,WR3,,WR3,WR3,WR3,WR3,WR3,WR3,WR3,WR3,WR3,WR3,WR3,WR
G.BERNARD,Giovani Bernard,CIN,RB2,RB2,RB2,RB2,RB2,RB2,RB2,RB2,,RB2,RB2,RB2,RB2,RB2,RB2,RB2,RB2,RB
G.TATE,Golden Tate,DET,WR2,WR2,WR2,WR2,WR2,,WR2,WR2,WR2,WR2,WR2,WR2,WR2,WR2,WR2,WR2,WR2,WR
G.OLSEN,Greg Olsen,CAR,TE1,TE1,TE1,TE1,TE1,TE1,TE1,,TE1,TE1,TE1,TE1,TE1,TE1,TE1,TE1,TE1,TE
H.HURST,Hayden Hurst,BAL,TE1,TE1,TE1,TE1,TE1,TE1,TE1,,TE1,TE1,TE1,TE1,TE1,TE1,TE1,TE1,TE1,TE
I.CROWELL,Isaiah Crowell,NYJ,RB1,RB1,RB1,RB1,RB1,,RB1,RB1,RB1,RB1,RB1,RB1,RB1,RB1,RB1,RB1,RB1,RB
I.SMITH,Ito Smith,ATL,RB3,RB3,RB3,RB3,RB3,RB3,RB3,,RB3,RB3,RB3,RB3,RB3,RB3,RB3,RB3,RB3,RB
J.DOYLE,Jack Doyle,IND,TE1,TE1,TE1,TE1,TE1,,TE1,TE1,TE1,TE1,TE1,TE1,TE1,TE1,TE1,TE1,TE1,TE
J.WILLIAMS,Jamaal Williams,GB,RB1,RB1,RB1,RB1,RB1,,RB1,RB1,RB1,RB1,RB1,RB1,RB1,RB1,RB1,RB1,RB1,RB
J.WINSTON,Jameis Winston,TB,QB1,QB1,QB1,QB1,QB1,QB1,,QB1,QB1,QB1,QB1,QB1,QB1,QB1,QB1,QB1,QB1,QB
J.CONNER,James Conner,PIT,RB2,RB2,RB2,RB2,RB2,RB2,,RB2,RB2,RB2,RB2,RB2,RB2,RB2,RB2,RB2,RB2,RB
J.WASHINGTON,James Washington,PIT,WR3,WR3,WR3,WR3,WR3,WR3,,WR3,WR3,WR3,WR3,WR3,WR3,WR3,WR3,WR3,WR3,WR
J.WHITE,James White,NE,RB3,RB3,RB3,RB3,RB3,,RB3,RB3,RB3,RB3,RB3,RB3,RB3,RB3,RB3,RB3,RB3,RB
J.CROWDER,Jamison Crowder,WAS,WR1,WR1,WR1,WR1,WR1,WR1,,WR1,WR1,WR1,WR1,WR1,WR1,WR1,WR1,WR1,WR1,WR
J.COOK,Jared Cook,OAK,TE1,TE1,TE1,TE1,TE1,TE1,,TE1,TE1,TE1,TE1,TE1,TE1,TE1,TE1,TE1,TE1,TE
J.GOFF,Jared Goff,LAR,QB1,QB1,QB1,QB1,QB1,,QB1,QB1,QB1,QB1,QB1,QB1,QB1,QB1,QB1,QB1,QB1,QB
J.WRIGHT,Jarius Wright,CAR,WR4,WR4,WR4,WR4,WR4,WR4,WR4,,WR4,WR4,WR4,WR4,WR4,WR4,WR4,WR4,WR4,WR
J.BROWN,Jaron Brown,SEA,WR4,WR4,WR4,WR4,WR4,WR4,,WR4,WR4,WR4,WR4,WR4,WR4,WR4,WR4,WR4,WR4,WR
J.LANDRY,Jarvis Landry,CLE,WR1,WR1,WR1,WR1,WR1,WR1,WR1,WR1,,WR1,WR1,WR1,WR1,WR1,WR1,WR1,WR1,WR
J.AJAYI,Jay Ajayi,PHI,RB1,RB1,RB1,RB1,RB1,RB1,,RB1,RB1,RB1,RB1,RB1,RB1,RB1,RB1,RB1,RB1,RB
J.HEUERMAN,Jeff Heuerman,DEN,TE1,TE1,TE1,TE1,TE1,TE1,TE1,TE1,,TE1,TE1,TE1,TE1,TE1,TE1,TE1,TE1,TE
J.KERLEY,Jeremy Kerley,BUF,WR3,WR3,WR3,WR3,WR3,WR3,WR3,,WR3,WR3,WR3,WR3,WR3,WR3,WR3,WR3,WR3,WR
J.MCKINNON,Jerick McKinnon,SF,RB1,RB1,RB1,RB1,RB1,RB1,,RB1,RB1,RB1,RB1,RB1,RB1,RB1,RB1,RB1,RB1,RB
J.KEARSE,Jermaine Kearse,NYJ,WR2,WR2,WR2,WR2,WR2,,WR2,WR2,WR2,WR2,WR2,WR2,WR2,WR2,WR2,WR2,WR2,WR
J.JAMES,Jesse James,PIT,TE1,TE1,TE1,TE1,TE1,TE1,,TE1,TE1,TE1,TE1,TE1,TE1,TE1,TE1,TE1,TE1,TE
J.GAROPPOLO,Jimmy Garoppolo,SF,QB1,QB1,QB1,QB1,QB1,QB1,,QB1,QB1,QB1,QB1,QB1,QB1,QB1,QB1,QB1,QB1,QB
J.GRAHAM,Jimmy Graham,GB,TE1,TE1,TE1,TE1,TE1,,TE1,TE1,TE1,TE1,TE1,TE1,TE1,TE1,TE1,TE1,TE1,TE
J.NELSON,JJ Nelson,ARI,WR4,WR4,WR4,WR4,WR4,WR4,WR4,WR4,,WR4,WR4,WR4,WR4,WR4,WR4,WR4,WR4,WR
J.FLACCO,Joe Flacco,BAL,QB1,QB1,QB1,QB1,QB1,QB1,QB1,,QB1,QB1,QB1,QB1,QB1,QB1,QB1,QB1,QB1,QB
J.MIXON,Joe Mixon,CIN,RB1,RB1,RB1,RB1,RB1,RB1,RB1,RB1,,RB1,RB1,RB1,RB1,RB1,RB1,RB1,RB1,RB
J.WILLIAMS,Joe Williams,SF,RB3,RB3,RB3,RB3,RB3,RB3,,RB3,RB3,RB3,RB3,RB3,RB3,RB3,RB3,RB3,RB3,RB
J.BROWN,John Brown,BAL,WR2,WR2,WR2,WR2,WR2,WR2,WR2,,WR2,WR2,WR2,WR2,WR2,WR2,WR2,WR2,WR2,WR
J.STEWART,Jonathan Stewart,NYG,RB2,RB2,RB2,RB2,RB2,,RB2,RB2,RB2,RB2,RB2,RB2,RB2,RB2,RB2,RB2,RB2,RB
J.WILLIAMS,Jonathan Williams,NO,RB3,RB3,RB3,RB3,RB3,,RB3,RB3,RB3,RB3,RB3,RB3,RB3,RB3,RB3,RB3,RB3,RB
J.SMITH,Jonnu Smith,TEN,TE2,TE2,TE2,TE2,TE2,TE2,,TE2,TE2,TE2,TE2,TE2,TE2,TE2,TE2,TE2,TE2,TE
JO.HOWARD,Jordan Howard,CHI,RB1,RB1,RB1,RB1,RB1,RB1,RB1,,RB1,RB1,RB1,RB1,RB1,RB1,RB1,RB1,RB1,RB
J.REED,Jordan Reed,WAS,TE1,TE1,TE1,TE1,TE1,TE1,,TE1,TE1,TE1,TE1,TE1,TE1,TE1,TE1,TE1,TE1,TE
J.NELSON,Jordy Nelson,OAK,WR2,WR2,WR2,WR2,WR2,WR2,,WR2,WR2,WR2,WR2,WR2,WR2,WR2,WR2,WR2,WR2,WR
J.BELLAMY,Josh Bellamy,CHI,WR3,WR3,WR3,WR3,WR3,WR3,WR3,,WR3,WR3,WR3,WR3,WR3,WR3,WR3,WR3,WR3,WR
J.DOCTSON,Josh Doctson,WAS,WR2,WR2,WR2,WR2,WR2,WR2,,WR2,WR2,WR2,WR2,WR2,WR2,WR2,WR2,WR2,WR2,WR
J.GORDON,Josh Gordon,CLE,WR2,WR2,WR2,WR2,WR2,WR2,WR2,WR2,,WR2,WR2,WR2,WR2,WR2,WR2,WR2,WR2,WR
J.HILL,Josh Hill,NO,TE2,TE2,TE2,TE2,TE2,,TE2,TE2,TE2,TE2,TE2,TE2,TE2,TE2,TE2,TE2,TE2,TE
J.MALONE,Josh Malone,CIN,WR4,WR4,WR4,WR4,WR4,WR4,WR4,WR4,,WR4,WR4,WR4,WR4,WR4,WR4,WR4,WR4,WR
J.MCCOWN,Josh McCown,NYJ,QB1,QB1,QB1,QB1,QB1,,QB1,QB1,QB1,QB1,QB1,QB1,QB1,QB1,QB1,QB1,QB1,QB
J.REYNOLDS,Josh Reynolds,LAR,WR4,WR4,WR4,WR4,WR4,,WR4,WR4,WR4,WR4,WR4,WR4,WR4,WR4,WR4,WR4,WR4,WR
J.SMITH-SCHUSTER,JuJu Smith-Schuster,PIT,WR2,WR2,WR2,WR2,WR2,WR2,,WR2,WR2,WR2,WR2,WR2,WR2,WR2,WR2,WR2,WR2,WR
J.EDELMAN,Julian Edelman,NE,,,,,WR1,,WR1,WR1,WR1,WR1,WR1,WR1,WR1,WR1,WR1,WR1,WR1,WR
J.JONES,Julio Jones,ATL,WR1,WR1,WR1,WR1,WR1,WR1,WR1,,WR1,WR1,WR1,WR1,WR1,WR1,WR1,WR1,WR1,WR
J.DAVIS,Justin Davis,LAR,RB3,RB3,RB3,RB3,RB3,,RB3,RB3,RB3,RB3,RB3,RB3,RB3,RB3,RB3,RB3,RB3,RB
J.JACKSON,Justin Jackson,LAC,RB3,RB3,RB3,RB3,RB3,,RB3,RB3,RB3,RB3,RB3,RB3,RB3,RB3,RB3,RB3,RB3,RB
K.BALLAGE,Kalen Ballage,MIA,RB3,RB3,RB3,RB3,RB3,,RB3,RB3,RB3,RB3,RB3,RB3,RB3,RB3,RB3,RB3,RB3,RB
K.HUNT,Kareem Hunt,KC,RB1,RB1,RB1,RB1,RB1,,RB1,RB1,RB1,RB1,RB1,RB1,RB1,RB1,RB1,RB1,RB1,RB
K.COLE,Keelan Cole,JAC,WR4,WR4,WR4,WR4,WR4,,WR4,WR4,WR4,WR4,WR4,WR4,WR4,WR4,WR4,WR4,WR4,WR
K.ALLEN,Keenan Allen,LAC,WR1,WR1,WR1,WR1,WR1,,WR1,WR1,WR1,WR1,WR1,WR1,WR1,WR1,WR1,WR1,WR1,WR
K.BENJAMIN,Kelvin Benjamin,BUF,WR1,WR1,WR1,WR1,WR1,WR1,WR1,,WR1,WR1,WR1,WR1,WR1,WR1,WR1,WR1,WR1,WR
K.WRIGHT,Kendall Wright,MIN,WR3,WR3,WR3,WR3,WR3,,WR3,WR3,WR3,WR3,WR3,WR3,WR3,WR3,WR3,WR3,WR3,WR
K.DIXON,Kenneth Dixon,BAL,RB3,RB3,RB3,RB3,RB3,RB3,RB3,,RB3,RB3,RB3,RB3,RB3,RB3,RB3,RB3,RB3,RB
K.GOLLADAY,Kenny Golladay,DET,WR3,WR3,WR3,WR3,WR3,,WR3,WR3,WR3,WR3,WR3,WR3,WR3,WR3,WR3,WR3,WR3,WR
K.STILLS,Kenny Stills,MIA,WR2,WR2,WR2,WR2,WR2,,WR2,WR2,WR2,WR2,WR2,WR2,WR2,WR2,WR2,WR2,WR2,WR
K.DRAKE,Kenyan Drake,MIA,RB1,RB1,RB1,RB1,RB1,,RB1,RB1,RB1,RB1,RB1,RB1,RB1,RB1,RB1,RB1,RB1,RB
K.JOHNSON,Kerryon Johnson,DET,RB1,RB1,RB1,RB1,RB1,,RB1,RB1,RB1,RB1,RB1,RB1,RB1,RB1,RB1,RB1,RB1,RB
K.COUSINS,Kirk Cousins,MIN,QB1,QB1,QB1,QB1,QB1,,QB1,QB1,QB1,QB1,QB1,QB1,QB1,QB1,QB1,QB1,QB1,QB
K.RUDOLPH,Kyle Rudolph,MIN,TE1,TE1,TE1,TE1,TE1,,TE1,TE1,TE1,TE1,TE1,TE1,TE1,TE1,TE1,TE1,TE1,TE
L.MILLER,Lamar Miller,HOU,RB1,RB1,RB1,RB1,RB1,,RB1,RB1,RB1,RB1,RB1,RB1,RB1,RB1,RB1,RB1,RB1,RB
L.KENDRICKS,Lance Kendricks,GB,TE2,TE2,TE2,TE2,TE2,,TE2,TE2,TE2,TE2,TE2,TE2,TE2,TE2,TE2,TE2,TE2,TE
L.TREADWELL,Laquon Treadwell,MIN,WR4,WR4,WR4,WR4,WR4,,WR4,WR4,WR4,WR4,WR4,WR4,WR4,WR4,WR4,WR4,WR4,WR
L.FITZGERALD,Larry Fitzgerald,ARI,WR1,WR1,WR1,WR1,WR1,WR1,WR1,WR1,,WR1,WR1,WR1,WR1,WR1,WR1,WR1,WR1,WR
L.MURRAY,Latavius Murray,MIN,RB2,RB2,RB2,RB2,RB2,,RB2,RB2,RB2,RB2,RB2,RB2,RB2,RB2,RB2,RB2,RB2,RB
L.SMITH,Lee Smith,OAK,TE2,TE2,TE2,TE2,TE2,TE2,,TE2,TE2,TE2,TE2,TE2,TE2,TE2,TE2,TE2,TE2,TE
L.BLOUNT,LeGarrette Blount,DET,RB3,RB3,RB3,RB3,RB3,,RB3,RB3,RB3,RB3,RB3,RB3,RB3,RB3,RB3,RB3,RB3,RB
L.FOURNETTE,Leonard Fournette,JAC,RB1,RB1,RB1,RB1,RB1,,RB1,RB1,RB1,RB1,RB1,RB1,RB1,RB1,RB1,RB1,RB1,RB
L.MCCOY,LeSean McCoy,BUF,RB1,RB1,RB1,RB1,RB1,RB1,RB1,,RB1,RB1,RB1,RB1,RB1,RB1,RB1,RB1,RB1,RB
L.BELL,Le'Veon Bell,PIT,RB1,RB1,RB1,RB1,RB1,RB1,,RB1,RB1,RB1,RB1,RB1,RB1,RB1,RB1,RB1,RB1,RB
L.PAULSEN,Logan Paulsen,ATL,TE2,TE2,TE2,TE2,TE2,TE2,TE2,,TE2,TE2,TE2,TE2,TE2,TE2,TE2,TE2,TE2,TE
L.WILLSON,Luke Willson,DET,TE1,TE1,TE1,TE1,TE1,,TE1,TE1,TE1,TE1,TE1,TE1,TE1,TE1,TE1,TE1,TE1,TE
M.BROWN,Mack Brown,MIN,RB3,RB3,RB3,RB3,RB3,,RB3,RB3,RB3,RB3,RB3,RB3,RB3,RB3,RB3,RB3,RB3,RB
M.HOLLINS,Mack Hollins,PHI,WR4,WR4,WR4,WR4,WR4,WR4,,WR4,WR4,WR4,WR4,WR4,WR4,WR4,WR4,WR4,WR4,WR
M.BROWN,Malcolm Brown,LAR,RB2,RB2,RB2,RB2,RB2,,RB2,RB2,RB2,RB2,RB2,RB2,RB2,RB2,RB2,RB2,RB2,RB
M.MITCHELL,Malcolm Mitchell,NE,WR2,WR2,WR2,WR2,WR3,,WR3,WR3,WR3,WR3,WR3,WR3,WR3,WR3,WR3,WR3,WR3,WR
M.MARIOTA,Marcus Mariota,TEN,QB1,QB1,QB1,QB1,QB1,QB1,,QB1,QB1,QB1,QB1,QB1,QB1,QB1,QB1,QB1,QB1,QB
M.INGRAM,Mark Ingram,NO,,,,,RB1,,RB1,RB1,RB1,RB1,RB1,RB1,RB1,RB1,RB1,RB1,RB1,RB
M.WALTON,Mark Walton,CIN,RB3,RB3,RB3,RB3,RB3,RB3,RB3,RB3,,RB3,RB3,RB3,RB3,RB3,RB3,RB3,RB3,RB
M.MACK,Marlon Mack,IND,RB1,RB1,RB1,RB1,RB1,,RB1,RB1,RB1,RB1,RB1,RB1,RB1,RB1,RB1,RB1,RB1,RB
M.LEE,Marqise Lee,JAC,WR1,WR1,WR1,WR1,WR1,,WR1,WR1,WR1,WR1,WR1,WR1,WR1,WR1,WR1,WR1,WR1,WR
M.GRAY,MarQueis Gray,MIA,TE2,TE2,TE2,TE2,TE2,,TE2,TE2,TE2,TE2,TE2,TE2,TE2,TE2,TE2,TE2,TE2,TE
M.GOODWIN,Marquise Goodwin,SF,WR2,WR2,WR2,WR2,WR2,WR2,,WR2,WR2,WR2,WR2,WR2,WR2,WR2,WR2,WR2,WR2,WR
M.LYNCH,Marshawn Lynch,OAK,RB1,RB1,RB1,RB1,RB1,RB1,,RB1,RB1,RB1,RB1,RB1,RB1,RB1,RB1,RB1,RB1,RB
M.BRYANT,Martavis Bryant,OAK,WR3,WR3,WR3,WR3,WR3,WR3,,WR3,WR3,WR3,WR3,WR3,WR3,WR3,WR3,WR3,WR3,WR
M.JONES,Marvin Jones,DET,WR1,WR1,WR1,WR1,WR1,,WR1,WR1,WR1,WR1,WR1,WR1,WR1,WR1,WR1,WR1,WR1,WR
M.BREIDA,Matt Breida,SF,RB2,RB2,RB2,RB2,RB2,RB2,,RB2,RB2,RB2,RB2,RB2,RB2,RB2,RB2,RB2,RB2,RB
M.RYAN,Matt Ryan,ATL,QB1,QB1,QB1,QB1,QB1,QB1,QB1,,QB1,QB1,QB1,QB1,QB1,QB1,QB1,QB1,QB1,QB
M.STAFFORD,Matthew Stafford,DET,QB1,QB1,QB1,QB1,QB1,,QB1,QB1,QB1,QB1,QB1,QB1,QB1,QB1,QB1,QB1,QB1,QB
M.GORDON,Melvin Gordon,LAC,RB1,RB1,RB1,RB1,RB1,,RB1,RB1,RB1,RB1,RB1,RB1,RB1,RB1,RB1,RB1,RB1,RB
M.CRABTREE,Michael Crabtree,BAL,WR1,WR1,WR1,WR1,WR1,WR1,WR1,,WR1,WR1,WR1,WR1,WR1,WR1,WR1,WR1,WR1,WR
M.GALLUP,Michael Gallup,DAL,WR4,WR4,WR4,WR4,WR4,WR4,WR4,WR4,,WR4,WR4,WR4,WR4,WR4,WR4,WR4,WR4,WR
M.ROBERTS,Michael Roberts,DET,TE2,TE2,TE2,TE2,TE2,,TE2,TE2,TE2,TE2,TE2,TE2,TE2,TE2,TE2,TE2,TE2,TE
M.THOMAS,Michael Thomas,NO,WR1,WR1,WR1,WR1,WR1,,WR1,WR1,WR1,WR1,WR1,WR1,WR1,WR1,WR1,WR1,WR1,WR
M.EVANS,Mike Evans,TB,WR1,WR1,WR1,WR1,WR1,WR1,,WR1,WR1,WR1,WR1,WR1,WR1,WR1,WR1,WR1,WR1,WR
M.GESICKI,Mike Gesicki,MIA,TE1,TE1,TE1,TE1,TE1,,TE1,TE1,TE1,TE1,TE1,TE1,TE1,TE1,TE1,TE1,TE1,TE
M.WALLACE,Mike Wallace,PHI,WR3,WR3,WR3,WR3,WR3,WR3,,WR3,WR3,WR3,WR3,WR3,WR3,WR3,WR3,WR3,WR3,WR
M.WILLIAMS,Mike Williams,LAC,WR4,WR4,WR4,WR4,WR4,,WR4,WR4,WR4,WR4,WR4,WR4,WR4,WR4,WR4,WR4,WR4,WR
M.TRUBISKY,Mitchell Trubisky,CHI,QB1,QB1,QB1,QB1,QB1,QB1,QB1,,QB1,QB1,QB1,QB1,QB1,QB1,QB1,QB1,QB1,QB
M.SANU,Mohamed Sanu,ATL,WR2,WR2,WR2,WR2,WR2,WR2,WR2,,WR2,WR2,WR2,WR2,WR2,WR2,WR2,WR2,WR2,WR
N.AGHOLOR,Nelson Agholor,PHI,WR2,WR2,WR2,WR2,WR2,WR2,,WR2,WR2,WR2,WR2,WR2,WR2,WR2,WR2,WR2,WR2,WR
N.BOYLE,Nick Boyle,BAL,TE2,TE2,TE2,TE2,TE2,TE2,TE2,,TE2,TE2,TE2,TE2,TE2,TE2,TE2,TE2,TE2,TE
N.CHUBB,Nick Chubb,CLE,RB3,RB3,RB3,RB3,RB3,RB3,RB3,RB3,,RB3,RB3,RB3,RB3,RB3,RB3,RB3,RB3,RB
N.O'LEARY,Nick O'Leary,BUF,TE2,TE2,TE2,TE2,TE2,TE2,TE2,,TE2,TE2,TE2,TE2,TE2,TE2,TE2,TE2,TE2,TE
N.VANNETT,Nick Vannett,SEA,TE2,TE2,TE2,TE2,TE2,TE2,,TE2,TE2,TE2,TE2,TE2,TE2,TE2,TE2,TE2,TE2,TE
N.PAUL,Niles Paul,JAC,TE2,TE2,TE2,TE2,TE2,,TE2,TE2,TE2,TE2,TE2,TE2,TE2,TE2,TE2,TE2,TE2,TE
N.HINES,Nyheim Hines,IND,RB3,RB3,RB3,RB3,RB3,,RB3,RB3,RB3,RB3,RB3,RB3,RB3,RB3,RB3,RB3,RB3,RB
O.BECKHAM,Odell Beckham,NYG,WR1,WR1,WR1,WR1,WR1,,WR1,WR1,WR1,WR1,WR1,WR1,WR1,WR1,WR1,WR1,WR1,WR
O.HOWARD,OJ Howard,TB,TE1,TE1,TE1,TE1,TE1,TE1,,TE1,TE1,TE1,TE1,TE1,TE1,TE1,TE1,TE1,TE1,TE
P.MAHOMES,Pat Mahomes,KC,QB1,QB1,QB1,QB1,QB1,,QB1,QB1,QB1,QB1,QB1,QB1,QB1,QB1,QB1,QB1,QB1,QB
P.RICHARDSON,Paul Richardson,WAS,WR3,WR3,WR3,WR3,WR3,WR3,,WR3,WR3,WR3,WR3,WR3,WR3,WR3,WR3,WR3,WR3,WR
P.BARBER,Peyton Barber,TB,RB2,RB2,RB2,RB2,RB2,RB2,,RB2,RB2,RB2,RB2,RB2,RB2,RB2,RB2,RB2,RB2,RB
P.RIVERS,Philip Rivers,LAC,QB1,QB1,QB1,QB1,QB1,,QB1,QB1,QB1,QB1,QB1,QB1,QB1,QB1,QB1,QB1,QB1,QB
P.GARCON,Pierre Garcon,SF,WR1,WR1,WR1,WR1,WR1,WR1,,WR1,WR1,WR1,WR1,WR1,WR1,WR1,WR1,WR1,WR1,WR
Q.ENUNWA,Quincy Enunwa,NYJ,WR3,WR3,WR3,WR3,WR3,,WR3,WR3,WR3,WR3,WR3,WR3,WR3,WR3,WR3,WR3,WR3,WR
R.COBB,Randall Cobb,GB,WR2,WR2,WR2,WR2,WR2,,WR2,WR2,WR2,WR2,WR2,WR2,WR2,WR2,WR2,WR2,WR2,WR
R.PENNY,Rashaad Penny,SEA,RB1,RB1,RB1,RB1,RB1,RB1,,RB1,RB1,RB1,RB1,RB1,RB1,RB1,RB1,RB1,RB1,RB
R.HIGGINS,Rashard Higgins,CLE,WR4,WR4,WR4,WR4,WR4,WR4,WR4,WR4,,WR4,WR4,WR4,WR4,WR4,WR4,WR4,WR4,WR
R.BURKHEAD,Rex Burkhead,NE,RB2,RB2,RB2,RB2,RB2,,RB2,RB2,RB2,RB2,RB2,RB2,RB2,RB2,RB2,RB2,RB2,RB
R.ELLISON,Rhett Ellison,NYG,TE2,TE2,TE2,TE2,TE2,,TE2,TE2,TE2,TE2,TE2,TE2,TE2,TE2,TE2,TE2,TE2,TE
R.SEALS-JONES,Ricky Seals-Jones,ARI,TE1,TE1,TE1,TE1,TE1,TE1,TE1,TE1,,TE1,TE1,TE1,TE1,TE1,TE1,TE1,TE1,TE
R.MATTHEWS,Rishard Matthews,TEN,WR2,WR2,WR2,WR2,WR2,WR2,,WR2,WR2,WR2,WR2,WR2,WR2,WR2,WR2,WR2,WR2,WR
R.GRONKOWSKI,Rob Gronkowski,NE,TE1,TE1,TE1,TE1,TE1,,TE1,TE1,TE1,TE1,TE1,TE1,TE1,TE1,TE1,TE1,TE1,TE
R.ANDERSON,Robby Anderson,NYJ,WR1,WR1,WR1,WR1,WR1,,WR1,WR1,WR1,WR1,WR1,WR1,WR1,WR1,WR1,WR1,WR1,WR
R.TURBIN,Robert Turbin,IND,RB2,RB2,RB2,RB2,RB2,,RB2,RB2,RB2,RB2,RB2,RB2,RB2,RB2,RB2,RB2,RB2,RB
R.WOODS,Robert Woods,LAR,WR2,WR2,WR2,WR2,WR2,,WR2,WR2,WR2,WR2,WR2,WR2,WR2,WR2,WR2,WR2,WR2,WR
R.SMITH,Rod Smith,DAL,RB2,RB2,RB2,RB2,RB2,RB2,RB2,RB2,,RB2,RB2,RB2,RB2,RB2,RB2,RB2,RB2,RB
R.LEWIS,Roger Lewis,NYG,WR3,WR3,WR3,WR3,WR3,,WR3,WR3,WR3,WR3,WR3,WR3,WR3,WR3,WR3,WR3,WR3,WR
R.JONES,Ronald Jones,TB,RB1,RB1,RB1,RB1,RB1,RB1,,RB1,RB1,RB1,RB1,RB1,RB1,RB1,RB1,RB1,RB1,RB
R.FREEMAN,Royce Freeman,DEN,RB2,RB2,RB2,RB2,RB2,RB2,RB2,RB2,,RB2,RB2,RB2,RB2,RB2,RB2,RB2,RB2,RB
R.GAGE,Russell Gage,ATL,WR4,WR4,WR4,WR4,WR4,WR4,WR4,,WR4,WR4,WR4,WR4,WR4,WR4,WR4,WR4,WR4,WR
R.WILSON,Russell Wilson,SEA,QB1,QB1,QB1,QB1,QB1,QB1,,QB1,QB1,QB1,QB1,QB1,QB1,QB1,QB1,QB1,QB1,QB
R.GRANT,Ryan Grant,IND,WR3,WR3,WR3,WR3,WR3,,WR3,WR3,WR3,WR3,WR3,WR3,WR3,WR3,WR3,WR3,WR3,WR
R.GRIFFIN,Ryan Griffin,HOU,TE1,TE1,TE1,TE1,TE1,,TE1,TE1,TE1,TE1,TE1,TE1,TE1,TE1,TE1,TE1,TE1,TE
R.TANNEHILL,Ryan Tannehill,MIA,QB1,QB1,QB1,QB1,QB1,,QB1,QB1,QB1,QB1,QB1,QB1,QB1,QB1,QB1,QB1,QB1,QB
S.BRADFORD,Sam Bradford,ARI,QB1,QB1,QB1,QB1,QB1,QB1,QB1,QB1,,QB1,QB1,QB1,QB1,QB1,QB1,QB1,QB1,QB
S.PERINE,Samaje Perine,WAS,RB3,RB3,RB3,RB3,RB3,RB3,,RB3,RB3,RB3,RB3,RB3,RB3,RB3,RB3,RB3,RB3,RB
S.WATKINS,Sammy Watkins,KC,WR2,WR2,WR2,WR2,WR2,,WR2,WR2,WR2,WR2,WR2,WR2,WR2,WR2,WR2,WR2,WR2,WR
S.BARKLEY,Saquon Barkley,NYG,RB1,RB1,RB1,RB1,RB1,,RB1,RB1,RB1,RB1,RB1,RB1,RB1,RB1,RB1,RB1,RB1,RB
S.CULKIN,Sean Culkin,LAC,TE2,TE2,TE2,TE2,TE2,,TE2,TE2,TE2,TE2,TE2,TE2,TE2,TE2,TE2,TE2,TE2,TE
S.ROBERTS,Seth Roberts,OAK,WR4,WR4,WR4,WR4,WR4,WR4,,WR4,WR4,WR4,WR4,WR4,WR4,WR4,WR4,WR4,WR4,WR
S.MICHEL,Sony Michel,NE,RB1,RB1,RB1,RB1,RB1,,RB1,RB1,RB1,RB1,RB1,RB1,RB1,RB1,RB1,RB1,RB1,RB
S.WARE,Spencer Ware,KC,RB2,RB2,RB2,RB2,RB2,,RB2,RB2,RB2,RB2,RB2,RB2,RB2,RB2,RB2,RB2,RB2,RB
S.DIGGS,Stefon Diggs,MIN,WR2,WR2,WR2,WR2,WR2,,WR2,WR2,WR2,WR2,WR2,WR2,WR2,WR2,WR2,WR2,WR2,WR
S.ANDERSON,Stephen Anderson,HOU,TE2,TE2,TE2,TE2,TE2,,TE2,TE2,TE2,TE2,TE2,TE2,TE2,TE2,TE2,TE2,TE2,TE
S.SHEPARD,Sterling Shepard,NYG,WR2,WR2,WR2,WR2,WR2,,WR2,WR2,WR2,WR2,WR2,WR2,WR2,WR2,WR2,WR2,WR2,WR
S.RIDLEY,Stevan Ridley,PIT,RB3,RB3,RB3,RB3,RB3,RB3,,RB3,RB3,RB3,RB3,RB3,RB3,RB3,RB3,RB3,RB3,RB
T.SHARPE,Tajae Sharpe,TEN,WR4,WR4,WR4,WR4,WR4,WR4,,WR4,WR4,WR4,WR4,WR4,WR4,WR4,WR4,WR4,WR4,WR
T.GENTRY,Tanner Gentry,CHI,WR4,WR4,WR4,WR4,WR4,WR4,WR4,,WR4,WR4,WR4,WR4,WR4,WR4,WR4,WR4,WR4,WR
T.COHEN,Tarik Cohen,CHI,RB2,RB2,RB2,RB2,RB2,RB2,RB2,,RB2,RB2,RB2,RB2,RB2,RB2,RB2,RB2,RB2,RB
T.AUSTIN,Tavon Austin,DAL,RB3,RB3,RB3,RB3,RB3,RB3,RB3,RB3,,RB3,RB3,RB3,RB3,RB3,RB3,RB3,RB3,RB
T.GABRIEL,Taylor Gabriel,CHI,WR2,WR2,WR2,WR2,WR2,WR2,WR2,,WR2,WR2,WR2,WR2,WR2,WR2,WR2,WR2,WR2,WR
T.TAYLOR,Taywan Taylor,TEN,WR3,WR3,WR3,WR3,WR3,WR3,,WR3,WR3,WR3,WR3,WR3,WR3,WR3,WR3,WR3,WR3,WR
T.GINN,Ted Ginn,NO,WR2,WR2,WR2,WR2,WR2,,WR2,WR2,WR2,WR2,WR2,WR2,WR2,WR2,WR2,WR2,WR2,WR
T.WILLIAMS,Terrance Williams,DAL,WR1,WR1,WR1,WR1,WR1,WR1,WR1,WR1,,WR1,WR1,WR1,WR1,WR1,WR1,WR1,WR1,WR
T.PRYOR,Terrelle Pryor,NYJ,WR4,WR4,WR4,WR4,WR4,,WR4,WR4,WR4,WR4,WR4,WR4,WR4,WR4,WR4,WR4,WR4,WR
T.COLEMAN,Tevin Coleman,ATL,RB2,RB2,RB2,RB2,RB2,RB2,RB2,,RB2,RB2,RB2,RB2,RB2,RB2,RB2,RB2,RB2,RB
T.RIDDICK,Theo Riddick,DET,RB2,RB2,RB2,RB2,RB2,,RB2,RB2,RB2,RB2,RB2,RB2,RB2,RB2,RB2,RB2,RB2,RB
T.YELDON,TJ Yeldon,JAC,RB2,RB2,RB2,RB2,RB2,,RB2,RB2,RB2,RB2,RB2,RB2,RB2,RB2,RB2,RB2,RB2,RB
T.GURLEY,Todd Gurley,LAR,RB1,RB1,RB1,RB1,RB1,,RB1,RB1,RB1,RB1,RB1,RB1,RB1,RB1,RB1,RB1,RB1,RB
T.BRADY,Tom Brady,NE,QB1,QB1,QB1,QB1,QB1,,QB1,QB1,QB1,QB1,QB1,QB1,QB1,QB1,QB1,QB1,QB1,QB
T.SMITH,Torrey Smith,CAR,WR3,WR3,WR3,WR3,WR3,WR3,WR3,,WR3,WR3,WR3,WR3,WR3,WR3,WR3,WR3,WR3,WR
T.CADET,Travaris Cadet,BUF,RB3,RB3,RB3,RB3,RB3,RB3,RB3,,RB3,RB3,RB3,RB3,RB3,RB3,RB3,RB3,RB3,RB
T.BENJAMIN,Travis Benjamin,LAC,WR3,WR3,WR3,WR3,WR3,,WR3,WR3,WR3,WR3,WR3,WR3,WR3,WR3,WR3,WR3,WR3,WR
T.KELCE,Travis Kelce,KC,TE1,TE1,TE1,TE1,TE1,,TE1,TE1,TE1,TE1,TE1,TE1,TE1,TE1,TE1,TE1,TE1,TE
T.TAYLOR,Trent Taylor,SF,WR3,WR3,WR3,WR3,WR3,WR3,,WR3,WR3,WR3,WR3,WR3,WR3,WR3,WR3,WR3,WR3,WR
T.BURTON,Trey Burton,CHI,TE1,TE1,TE1,TE1,TE1,TE1,TE1,,TE1,TE1,TE1,TE1,TE1,TE1,TE1,TE1,TE1,TE
T.EDMUNDS,Trey Edmunds,NO,RB2,RB2,RB2,RB2,RB2,,RB2,RB2,RB2,RB2,RB2,RB2,RB2,RB2,RB2,RB2,RB2,RB
T.QUINN,Trey Quinn,WAS,WR4,WR4,WR4,WR4,WR4,WR4,,WR4,WR4,WR4,WR4,WR4,WR4,WR4,WR4,WR4,WR4,WR
T.HILTON,TY Hilton,IND,WR1,WR1,WR1,WR1,WR1,,WR1,WR1,WR1,WR1,WR1,WR1,WR1,WR1,WR1,WR1,WR1,WR
T.MONTGOMERY,Ty Montgomery,GB,RB3,RB3,RB3,RB3,RB3,,RB3,RB3,RB3,RB3,RB3,RB3,RB3,RB3,RB3,RB3,RB3,RB
T.BOYD,Tyler Boyd,CIN,WR3,WR3,WR3,WR3,WR3,WR3,WR3,WR3,,WR3,WR3,WR3,WR3,WR3,WR3,WR3,WR3,WR
T.EIFERT,Tyler Eifert,CIN,TE1,TE1,TE1,TE1,TE1,TE1,TE1,TE1,,TE1,TE1,TE1,TE1,TE1,TE1,TE1,TE1,TE
T.HIGBEE,Tyler Higbee,LAR,TE1,TE1,TE1,TE1,TE1,,TE1,TE1,TE1,TE1,TE1,TE1,TE1,TE1,TE1,TE1,TE1,TE
T.KROFT,Tyler Kroft,CIN,TE2,TE2,TE2,TE2,TE2,TE2,TE2,TE2,,TE2,TE2,TE2,TE2,TE2,TE2,TE2,TE2,TE
T.LOCKETT,Tyler Lockett,SEA,WR3,WR3,WR3,WR3,WR3,WR3,,WR3,WR3,WR3,WR3,WR3,WR3,WR3,WR3,WR3,WR3,WR
T.HILL,Tyreek Hill,KC,WR1,WR1,WR1,WR1,WR1,,WR1,WR1,WR1,WR1,WR1,WR1,WR1,WR1,WR1,WR1,WR1,WR
T.WILLIAMS,Tyrell Williams,LAC,WR2,WR2,WR2,WR2,WR2,,WR2,WR2,WR2,WR2,WR2,WR2,WR2,WR2,WR2,WR2,WR2,WR
T.TAYLOR,Tyrod Taylor,CLE,QB1,QB1,QB1,QB1,QB1,QB1,QB1,QB1,,QB1,QB1,QB1,QB1,QB1,QB1,QB1,QB1,QB
V.MCDONALD,Vance McDonald,PIT,TE2,TE2,TE2,TE2,TE2,TE2,,TE2,TE2,TE2,TE2,TE2,TE2,TE2,TE2,TE2,TE2,TE
V.DAVIS,Vernon Davis,WAS,TE2,TE2,TE2,TE2,TE2,TE2,,TE2,TE2,TE2,TE2,TE2,TE2,TE2,TE2,TE2,TE2,TE
V.GREEN,Virgil Green,LAC,TE1,TE1,TE1,TE1,TE1,,TE1,TE1,TE1,TE1,TE1,TE1,TE1,TE1,TE1,TE1,TE1,TE
W.GALLMAN,Wayne Gallman,NYG,RB3,RB3,RB3,RB3,RB3,,RB3,RB3,RB3,RB3,RB3,RB3,RB3,RB3,RB3,RB3,RB3,RB
W.FULLER,Will Fuller,HOU,WR2,WR2,WR2,WR2,WR2,,WR2,WR2,WR2,WR2,WR2,WR2,WR2,WR2,WR2,WR2,WR2,WR
W.SNEAD,Willie Snead,BAL,WR4,WR4,WR4,WR4,WR4,WR4,WR4,,WR4,WR4,WR4,WR4,WR4,WR4,WR4,WR4,WR4,WR
W.SNEAD,Willie Snead,BAL,WR3,WR3,WR3,WR3,WR3,WR3,WR3,,WR3,WR3,WR3,WR3,WR3,WR3,WR3,WR3,WR3,WR
Z.ERTZ,Zach Ertz,PHI,TE1,TE1,TE1,TE1,TE1,TE1,,TE1,TE1,TE1,TE1,TE1,TE1,TE1,TE1,TE1,TE1,TE
Z.JONES,Zay Jones,BUF,WR2,WR2,WR2,WR2,WR2,WR2,WR2,,WR2,WR2,WR2,WR2,WR2,WR2,WR2,WR2,WR2,WR
